Trial,R=250,R=500,R=1000,R=1500,R=2000,R=2500
0,5942,26871,52033,57696,105077,417780
1,6837,6935,108561,133760,213180,422447
2,17591,17463,89782,238080,111759,474209
3,4912,43220,68479,187859,346689,266070
4,12380,20150,35612,81175,141161,323281
5,5192,29968,128731,101004,157586,243234
6,4416,15865,54790,156489,238834,105990
7,3517,9346,53969,83402,233773,177228
8,16258,12587,76892,216591,296300,352919
9,9754,13021,84433,197023,104144,366057
10,8582,16474,129239,81084,442788,269207
11,7247,8786,41685,220917,132900,149800
12,9217,17397,48986,166092,87079,404820
13,4419,24598,55533,121224,214536,324678
14,5387,16873,56338,174996,194525,321746
15,5401,13628,53434,97209,98508,591893
16,6080,14771,40020,126335,167977,603654
17,5494,16837,59184,95679,273215,157415
18,9108,18218,46681,89366,211464,153054
19,3742,32725,87182,81202,153092,147963
20,8409,7875,35319,48425,122261,484676
21,4530,18582,93918,92041,168251,258863
22,4984,13067,68372,62890,268916,157079
23,5697,12036,76678,130260,258816,566390
24,6504,26744,39125,250752,215716,156393
25,5106,12805,36057,130849,177899,167185
26,10278,21799,58814,81978,295445,181644
27,5914,10099,180820,154680,125739,259807
28,9555,16598,35517,73502,236332,623606
29,4851,19799,125711,119700,100824,517756
30,3033,15040,63910,122462,120976,558383
31,8054,10476,58228,125238,246278,323367
32,5530,13987,52509,117247,161739,292869
33,4214,12763,71975,203560,231081,464270
34,8707,19208,63239,107978,210451,236834
35,7723,30164,49881,124259,203358,281013
36,4535,12915,77986,183444,206771,206424
37,5113,13373,39617,243940,489329,320697
38,4203,31103,121058,187127,215861,429398
39,3686,20889,52559,62826,269086,229851
40,5780,11305,55935,110360,262621,382619
41,11044,29990,123243,69653,192507,174536
42,9420,15235,64531,108256,110241,338806
43,6276,27274,53678,94184,179127,200386
44,15607,25861,46172,79111,315152,227266
45,4196,26737,33203,69434,359455,251379
46,7231,12892,58877,116485,103642,346637
47,3349,14023,34187,254877,223066,209511
48,7504,21466,39692,130060,149164,373804
49,5499,14636,92967,82988,122615,148940
50,12388,10747,92176,61782,135672,209248
51,5960,25181,41079,73522,327589,279396
52,7612,27560,67372,91362,281338,230069
53,10284,16606,116768,123803,82786,374026
54,3603,24634,44377,155046,105771,227533
55,5678,15771,67619,98413,171371,244873
56,9808,22296,42174,80926,87244,547071
57,5094,22064,43838,73280,111872,445906
58,5747,18740,68755,136329,187489,252248
59,8434,25646,140271,123351,102962,264051
60,3289,15434,55379,76769,178237,228008
61,4058,18649,63116,59783,103696,697164
62,3932,14592,57891,217260,162559,277564
63,4550,23465,101340,121319,221937,229190
64,12285,26035,44214,222833,265938,365023
65,3145,24099,44289,99164,159741,268937
66,6924,27257,55751,99235,121538,453047
67,7923,14504,122962,67069,228132,306002
68,3463,29137,64155,82003,156324,158679
69,3226,26395,40377,101017,133090,248042
70,3711,23693,66750,139700,132505,299770
71,8283,46291,76722,153884,512364,239076
72,6724,24852,28050,161237,271536,323294
73,4381,10030,34952,87537,76526,634971
74,4673,18134,63731,108584,233151,1052466
75,6379,11512,80170,179719,253529,276745
76,5028,12318,38150,90850,96223,96266
77,9650,19001,31822,67988,209622,336391
78,9136,17355,66798,116429,123948,314993
79,6210,30277,98044,63849,190790,208439
80,4717,33003,27621,81607,155661,320094
81,7445,16715,48671,150595,202642,262023
82,9350,17651,44162,130448,192255,162413
83,2991,15138,59835,116182,74983,344414
84,6828,11161,115584,177239,226360,368035
85,11816,65499,40872,113581,177865,275381
86,4930,35617,68308,71873,162393,175284
87,5391,32479,40267,131333,99479,340538
88,7789,18111,71523,185478,180881,162592
89,7078,21775,38983,49382,193913,261022
90,5662,27083,32441,96316,217709,203175
91,6253,14527,66222,179426,85642,271831
92,6479,18619,176129,95460,129099,243573
93,12240,34252,69888,94791,135030,499807
94,8471,19292,73402,60256,400317,192887
95,8016,17289,96908,160353,69721,224655
96,5515,20214,65603,108797,207789,534611
97,16096,19244,52411,225480,99032,300484
98,5238,30878,22009,167090,120233,97648
99,3339,12292,64703,281233,623809,204115
100,5897,16446,43374,108965,227788,330235
101,7776,29926,45957,60848,184799,312587
102,9428,47076,74495,62610,132883,209630
103,6252,12916,46391,75112,115217,325017
104,7342,15219,37796,340282,77404,312246
105,12973,16650,39487,63203,171968,174070
106,9330,37675,101544,133833,178601,353472
107,4007,23917,109817,105748,158442,135544
108,7244,27017,52529,166240,195524,238329
109,10845,18788,105787,65334,128666,366032
110,7073,10865,40522,137370,293049,224995
111,6831,31557,49579,78469,184720,312648
112,8411,12484,43577,120347,153196,416871
113,6076,18719,60237,77936,230687,315140
114,6488,34264,44651,133568,190615,269117
115,5526,13143,59158,174250,140728,163798
116,8335,15844,47878,133232,196292,209015
117,5660,13056,49449,182049,237605,222968
118,5065,15803,138995,179058,274570,447540
119,9289,13100,114942,161512,176582,154994
120,5612,21646,94863,141279,180117,371792
121,3299,17962,45615,91611,185130,232470
122,12282,12369,37864,139451,264284,234277
123,7688,12125,82810,109316,145239,355745
124,5748,12635,70478,60933,106057,246611
125,5954,23756,41668,210976,153843,264429
126,12413,12318,107511,150469,203947,142988
127,4937,15459,80580,92638,260854,356051
128,9862,38578,41034,87580,160194,580486
129,14241,14304,66183,173955,270004,181921
130,4175,15226,116384,80648,145310,256842
131,5077,25523,46620,48893,108581,280747
132,6929,10247,38148,103163,189134,229419
133,11419,17550,64606,103238,144710,412096
134,6581,41616,106544,114864,208393,434949
135,7405,20924,74931,140129,529095,618789
136,12249,15133,84093,105635,184288,216067
137,9856,15773,54254,70394,176191,495044
138,7210,12077,74927,127663,379698,215995
139,4550,15463,87242,174071,119197,220253
140,5489,20110,44956,105880,131801,352474
141,12522,8223,50063,224079,171182,214574
142,6047,18848,41410,99229,156645,405014
143,4697,34168,119570,191700,110657,390658
144,7640,17485,47715,97220,259610,311945
145,9112,28107,65338,172595,102754,227267
146,4708,19187,46351,120990,178139,270050
147,5219,15689,32034,178049,178361,114667
148,3371,11649,57116,98510,247885,239279
149,5406,23218,32871,58594,87254,393445
150,4139,19220,53646,81152,122945,189847
151,6099,16130,63898,125935,138222,194875
152,19027,19164,46885,155863,341410,185930
153,5287,8993,77988,120462,80477,365499
154,11471,17049,53010,139038,236263,142032
155,5378,35677,48580,71330,164030,218217
156,4686,28261,72230,327026,158434,239625
157,7216,16940,47854,92614,88575,308983
158,8001,10677,62978,85087,139795,207256
159,7711,12817,74771,57084,418819,433979
160,5532,24684,58660,58162,156986,134802
161,3937,13435,80712,230740,378946,246522
162,3659,22097,42545,58398,234181,371642
163,3990,11348,31249,189402,164284,781948
164,13238,16357,85758,46766,91880,272741
165,7460,29659,55555,144903,223601,107429
166,6163,24136,67580,208434,413639,485175
167,14259,14175,130644,57274,115874,304175
168,3032,23826,57829,223548,97410,456166
169,7834,14887,49098,107423,201212,133197
170,4805,15732,44468,85978,155821,492388
171,3783,9667,42105,105504,243597,223070
172,4421,19858,95744,182067,105909,178644
173,4384,25200,58820,104260,353989,203193
174,9480,13943,61056,250730,376941,243597
175,4218,15701,60183,245551,150988,233769
176,4614,19459,37078,159699,134160,152282
177,4508,19804,28328,67831,252716,264054
178,5425,24422,42439,89217,236731,250858
179,17851,25021,59229,125081,292943,224139
180,8338,12862,136258,110465,153538,173240
181,4216,16736,80221,137396,158949,342619
182,5680,13420,74640,182441,181345,313202
183,6738,34266,130218,78853,205145,445621
184,16370,16822,37813,131736,136974,465284
185,9433,8948,58317,43317,130102,264325
186,4384,12216,53459,132987,231615,157459
187,4469,12646,45615,112868,187906,535116
188,9885,35103,59215,122205,115408,157839
189,4616,13648,49452,87587,376210,319242
190,5224,30805,65158,111691,140158,194436
191,12659,26680,39469,101849,164585,338863
192,7934,16675,87656,174006,264564,453163
193,8164,16301,97631,53346,116079,408707
194,12044,20461,32407,101509,352391,209038
195,11078,16074,73400,72102,245610,594969
196,3550,10359,42309,258937,404313,499227
197,5041,14367,66758,59685,261918,168188
198,9538,12934,51999,101292,269132,221912
199,7112,20745,55416,154239,142298,180864
200,9531,76438,91033,153781,245206,200989
201,7770,17869,70849,114892,191801,248751
202,3503,17664,52789,61594,197263,233999
203,3544,14819,126241,85434,132804,173016
204,6180,13331,55053,107232,171596,197031
205,4271,18938,31004,64896,232696,202879
206,17632,21576,42141,64723,425846,331285
207,4385,30507,129175,86842,168100,353712
208,8145,18929,48148,193367,206078,540564
209,8045,55403,87395,151029,202076,291404
210,5306,24164,65003,100848,128975,567060
211,6277,69550,32924,137702,281840,593762
212,7578,11167,95483,182861,242385,262007
213,6940,24744,116975,93561,198744,128052
214,5265,26623,38313,98381,123446,234140
215,11818,57418,89949,93465,344859,273618
216,5865,26818,84812,74095,142243,234776
217,7101,14336,58588,123661,299723,131440
218,3565,16657,35233,71857,244699,270678
219,10197,13959,72116,251289,132256,202787
220,6008,25317,38822,76010,134762,202215
221,4875,10829,51808,74096,139396,458588
222,6125,32932,37422,93556,203922,230932
223,4469,9995,66400,75481,170317,194219
224,6781,18900,78570,71424,196013,424653
225,6665,9924,60516,107383,192282,256851
226,4504,10599,62871,86597,104431,377016
227,6446,24563,67486,447579,110840,238599
228,10823,16025,47004,96041,419842,201722
229,6505,13954,74342,164590,198586,311685
230,3133,24210,136534,96716,294390,247143
231,4615,22051,103560,83667,219909,174473
232,4929,12616,129718,158979,198798,353965
233,6564,24926,78682,143268,212696,148508
234,3418,28235,47117,85070,155816,216184
235,4376,18997,34588,103889,119245,684591
236,8005,16885,95643,103498,144635,472673
237,12458,18840,52125,150262,103644,236567
238,9020,13989,37781,113536,120000,552869
239,9811,12400,67752,153952,239582,142902
240,7206,19721,36496,242767,286358,200854
241,7326,18851,50042,96214,278270,241256
242,5203,15073,90008,56998,182290,210317
243,7700,28104,44483,87725,146340,248654
244,11179,18791,31807,182284,176167,121599
245,3939,9293,49971,91173,207690,378277
246,4350,13393,69617,199117,229431,253872
247,3157,9535,94911,198749,182324,170806
248,9008,11371,47434,138874,208009,218772
249,10228,13365,118744,167146,159681,302595
250,6237,36759,60877,103681,80774,323905
251,8854,37350,83341,63516,96519,247678
252,9692,21418,62416,88295,205964,253214
253,3348,14095,57567,138645,139908,185980
254,9841,21522,73981,94386,185499,563915
255,4028,16999,49325,187050,312235,181607
256,7849,25154,149205,71318,198256,356108
257,4277,14711,62520,71863,142649,426703
258,8328,10464,49667,58163,204635,150184
259,8046,27395,40807,216166,266799,283610
260,6296,22127,72382,128275,293001,238371
261,6868,24628,70660,196584,260660,158285
262,4174,34326,79089,84044,101666,367571
263,4802,20672,46274,126159,216496,417012
264,7062,28671,51715,129033,87004,308396
265,3424,25805,58615,70700,206880,190404
266,3580,13849,69387,105724,252359,363323
267,4033,28621,109869,143254,149303,232965
268,7416,13790,70516,104149,189307,433767
269,3920,16181,56984,91516,87418,165856
270,6578,18303,36329,160223,257675,250039
271,9107,26217,64873,136594,146888,250651
272,4268,20420,27803,95553,173356,209343
273,5146,29789,59042,109479,183787,221710
274,6299,20746,50304,77382,107435,198124
275,6289,45846,42579,93382,292998,597283
276,5069,22863,57398,108230,345035,638020
277,3573,20356,81075,218611,338038,207279
278,9285,17460,101185,152230,200724,174314
279,7450,10596,106869,54350,225147,217928
280,3367,27919,38011,103780,320724,124410
281,3082,22831,64751,154585,150438,277079
282,4603,17820,73171,114933,222996,234503
283,3552,24557,43597,108476,175803,177482
284,5066,11349,100814,202285,329417,172279
285,18286,18237,27997,95621,176899,583767
286,10681,16413,43025,190610,171079,229990
287,7843,28730,69797,223546,214828,258687
288,6151,13438,36917,92666,219870,248050
289,6686,26833,50510,195615,176423,429512
290,6774,17588,45079,122947,370364,462344
291,7611,26210,53673,70431,328369,411683
292,13968,30250,99016,160566,252382,163595
293,5678,15253,49183,291277,292379,161603
294,5720,22621,62751,146887,194646,159157
295,17137,17781,36584,175734,372694,242247
296,3911,33293,51484,71023,193673,471848
297,4227,15006,48878,133788,171592,157319
298,13757,19630,77451,112871,243014,234142
299,8638,13549,69318,91079,265112,427779
300,6453,11324,73953,64953,244920,269765
301,5365,15501,56360,116582,438641,369280
302,10658,10152,72630,213322,158993,212180
303,3853,15110,74176,163688,184072,202424
304,4776,20571,56584,211930,181737,380524
305,6171,19203,57556,88856,154957,490218
306,5330,13901,60631,171242,368033,539005
307,4451,26734,35072,228788,108981,295263
308,8446,15370,104310,130687,154884,136918
309,3940,23634,74142,89009,189142,265417
310,14318,49879,117382,195534,103784,185299
311,5736,20408,47517,63825,128812,198113
312,5703,15705,116935,90451,458428,661844
313,6453,21850,89686,117545,145277,150936
314,8958,19192,126714,95799,486103,217184
315,6405,28934,62161,107001,173892,424854
316,9187,17307,77088,106011,124815,263923
317,5533,21390,59903,100524,448440,196528
318,4349,19186,89191,250584,153407,205253
319,4903,15546,61164,68888,64944,468402
320,3506,14656,56918,124905,287583,722261
321,6102,24613,78258,56617,277994,310987
322,4341,16396,35819,150596,119938,170016
323,7432,15327,30697,188560,206838,207497
324,9717,14270,60900,77626,466290,183076
325,10048,21102,75573,120669,137805,235184
326,5433,9642,56146,89795,97601,220355
327,7985,23811,58301,142264,226744,159428
328,8622,36777,84897,117133,210711,483309
329,8002,14167,66954,112057,190572,280125
330,7251,19171,52831,181756,92188,368896
331,5636,25264,150369,64647,95891,259258
332,6839,14457,82527,224082,116385,151536
333,8181,29102,79832,158200,146630,346623
334,3044,20757,29663,89342,128895,289648
335,6765,9863,40440,177240,182417,340385
336,8189,18896,40308,63518,366029,155152
337,7056,18769,69989,42408,271750,279267
338,6102,24729,52354,250302,113971,272466
339,4083,18116,38967,177169,145313,150910
340,8576,22253,109408,85741,118406,254755
341,4382,19214,63846,150193,661706,276007
342,5931,18292,54241,61926,397401,207302
343,10600,15734,111931,87714,240312,245076
344,4932,10043,69277,73183,170437,240576
345,6084,19952,51104,86764,207249,191976
346,4424,25885,52248,62359,117344,183985
347,5281,22319,78619,94000,195465,173303
348,3878,18770,27370,102155,241331,284152
349,3704,15309,79236,112120,94048,277241
350,9188,13703,86801,159900,182993,286717
351,4161,18928,77332,118374,159711,637593
352,7926,34326,58032,68074,68520,255534
353,5248,19701,72257,158321,211364,277160
354,6652,11593,101438,126850,98447,227165
355,9068,19481,71904,73653,298952,238727
356,5228,17042,46028,162628,246563,193119
357,11233,17821,74126,107290,145398,503958
358,3321,15807,29192,65719,235368,217769
359,4543,39814,68149,134142,161857,136929
360,3457,23626,80376,93573,110622,132652
361,5351,26817,29278,83206,116047,151379
362,4306,12537,64125,153854,125910,182935
363,7445,40395,63950,65597,188158,147714
364,5552,12545,56377,137178,130233,346566
365,9444,18913,27509,162804,153476,177705
366,6961,17030,61506,54850,125932,319290
367,14524,40674,27788,137133,460061,265813
368,7831,44184,94941,85123,111248,521007
369,13609,29793,74906,63390,105619,294896
370,7434,17071,56632,146573,266824,136588
371,3688,15786,52493,63772,480108,211742
372,7399,23281,50183,63900,125874,152215
373,5309,13125,20193,102098,76850,264083
374,4098,18732,46015,103392,195840,197421
375,4111,10862,177851,94620,141230,190738
376,4971,9108,73477,163386,194330,296284
377,7515,17166,58656,179118,155881,165980
378,9401,28717,43427,97197,165522,209442
379,8590,15331,73789,108198,181110,109874
380,5816,26731,55307,209520,156543,214943
381,5993,14463,58513,120961,429731,325592
382,12541,44080,29908,120229,132719,185449
383,2653,9890,49430,125023,267961,347463
384,6408,28576,91065,73371,92993,267400
385,3387,14336,76168,149797,245731,387958
386,11215,15989,49568,210653,176350,477227
387,3607,13210,107097,87159,236717,204584
388,6026,12141,47416,115644,121102,348027
389,3389,51958,25966,73960,337651,164341
390,7529,21681,91469,76249,159119,336736
391,7713,12533,34596,86704,274681,139493
392,3610,21248,33249,197652,175078,237485
393,14351,20745,66096,120498,280575,180693
394,3159,18622,30874,132993,204579,434811
395,5737,32088,58480,125362,108495,200644
396,2972,24374,40136,61792,156224,213870
397,7635,50323,128994,160798,187673,209756
398,7065,29260,80541,263764,265362,256445
399,10761,67004,47105,137804,196732,591423
400,5267,23292,64165,80689,149479,170551
401,6420,32206,59097,81751,214046,247652
402,7820,22274,49539,183247,152230,281004
403,6171,19553,41586,114449,170035,186999
404,7442,35509,53449,45166,187574,660016
405,16308,10810,36439,89007,142246,272475
406,5346,16694,93600,106796,226085,202289
407,3091,32210,25549,102681,202982,289873
408,6097,9021,114475,66841,155682,708519
409,5459,39762,25227,123280,195914,279269
410,6535,9390,61115,172279,381988,295383
411,4651,9524,121265,52004,121631,353513
412,3531,16959,67823,240897,200757,249385
413,6936,19510,50539,43267,140109,132982
414,5592,14814,26646,155729,172532,209279
415,5578,16515,58046,83034,321777,356543
416,4236,23909,73781,78682,81699,326053
417,4699,25797,58387,156783,396128,626236
418,4340,22438,20689,88031,366331,154722
419,4743,22459,40068,101125,345773,223877
420,7058,9948,51304,199016,174784,307896
421,5700,28931,51068,71398,200653,325009
422,6782,24805,102576,125204,179995,190661
423,5538,29262,85350,109468,170233,210108
424,5443,14757,48815,101732,188289,353528
425,9070,12312,70778,188373,127554,215020
426,3710,18376,100933,73062,148359,519727
427,3797,15650,28548,90279,102388,190980
428,6582,33220,59264,116909,350782,246538
429,4964,12067,34561,124151,221149,122111
430,4997,22876,65456,164545,182668,151501
431,2462,18976,38635,156033,120299,266890
432,7531,40072,81392,127211,124033,154963
433,7074,17761,82945,328718,277328,210949
434,5965,20292,73138,121066,101500,392523
435,6094,15506,45977,98097,85401,474879
436,5569,21681,39882,84638,271674,373294
437,8548,22510,59104,92339,150472,356738
438,7568,28467,36235,119144,205397,305933
439,4609,24934,49327,78962,437410,415125
440,4234,30289,52333,97562,150909,316730
441,3313,38041,37412,68547,298147,240365
442,7328,36669,30715,188598,137603,361376
443,5359,11613,111921,89913,152814,150782
444,6124,57952,30798,72750,144045,302327
445,4784,23082,124985,127982,87145,147003
446,14047,16774,109939,252128,182172,728785
447,4992,10090,87612,77955,190062,341243
448,3554,25936,72502,82541,158496,228742
449,3935,7883,66493,131669,159392,248822
450,2682,22844,80115,202853,209521,202219
451,5797,25026,48080,117978,93666,175199
452,7124,9736,37162,112159,289454,269392
453,12498,22981,65839,177965,128428,759225
454,10674,9315,67881,110586,265319,95465
455,5521,15522,104954,86689,211776,160498
456,5157,11156,45136,92992,237215,207133
457,9058,14432,49232,78049,153187,212039
458,5544,34983,46174,151546,135832,283161
459,5046,11092,84325,107557,180442,291583
460,11669,25487,78980,100214,167047,271962
461,10509,11187,52277,294540,113073,188465
462,10373,13843,37723,142850,198342,339343
463,3886,12405,26092,94211,220062,325446
464,7395,25583,43027,83034,247312,170068
465,4496,11419,35612,115996,182214,176814
466,4064,16150,154564,137282,238213,359291
467,11382,12847,51222,94746,320423,295425
468,4520,13829,97082,70995,273371,389002
469,8120,12896,53512,195280,160607,335735
470,5386,27908,94734,60253,121531,372620
471,5035,21284,37639,99301,162140,221666
472,4526,23764,35978,260233,164843,252228
473,3580,11575,51361,80526,257273,514191
474,5595,27496,63625,78502,273642,191277
475,12845,23318,74391,69656,308130,359325
476,7549,10490,77684,104892,137768,173468
477,6890,15089,47841,82323,219445,181640
478,6986,11049,55526,204915,161563,216537
479,6505,23538,56834,205653,138284,467657
480,3132,25155,90716,156095,146002,161123
481,6849,14383,60090,145400,193996,278625
482,5087,27214,49736,76994,87341,316508
483,4300,9444,58220,138014,197080,254958
484,6494,12363,30255,195983,96697,184478
485,12681,31651,49497,184539,180621,152976
486,5209,23834,75981,139046,253374,307233
487,4598,14130,78840,153948,172375,209669
488,5627,20272,42948,172897,240588,250279
489,13145,34980,77879,108908,299836,133680
490,3096,48219,91448,144365,148558,239436
491,8600,20533,46957,188625,231671,581188
492,3951,48442,52102,99845,289844,322221
493,4434,17565,74130,141642,585772,156098
494,3372,16516,48795,83630,144785,237443
495,13491,10617,31505,206536,183291,351874
496,8233,18083,50430,87710,255877,172609
497,7112,18290,54276,201170,108951,195643
498,10686,18465,25437,184550,267308,299967
499,8818,35952,53543,149257,243451,232468
500,8414,34593,63798,57277,279406,471894
501,6146,19324,55705,190086,542032,339924
502,6127,7845,36061,121508,146646,193752
503,4843,14015,67259,145226,98622,289794
504,5764,12579,135176,158852,149494,206459
505,13404,25379,22232,100542,161425,203049
506,3655,15359,43884,130436,132082,424122
507,8884,11167,71684,58955,86024,198747
508,5805,19836,81549,74902,210011,115599
509,3964,17474,32910,271270,125968,261172
510,7063,11172,94952,126967,225664,520342
511,5199,11419,130246,68839,209670,307021
512,6944,19196,56678,127359,116063,227167
513,4816,23078,74639,166384,163646,168447
514,3956,21611,77404,111832,189354,296814
515,6121,11574,53475,187953,241256,186657
516,6223,18159,37321,104255,215828,348054
517,11401,46071,49018,162071,174885,309738
518,4115,41082,76417,102480,113693,261663
519,5144,14823,86697,131057,277842,430242
520,3656,19813,35579,82341,87794,264051
521,6281,27954,158364,167472,193265,171266
522,4590,24131,132638,178129,132996,230110
523,11474,34446,59943,127249,207331,296001
524,4308,18040,42412,197559,161654,171080
525,7942,29451,54377,105675,393077,410040
526,4556,27470,73703,93495,100989,264774
527,3385,13170,128385,46849,121510,221276
528,7726,19874,131558,86500,91932,264650
529,8646,20823,32967,108918,178087,282850
530,5691,18280,37748,78567,227595,350017
531,5081,20944,44244,118985,385734,194645
532,6043,15699,60038,158904,428369,201050
533,7086,14643,29472,83294,157828,261256
534,4858,14558,39851,109006,129010,161695
535,7935,15332,111428,168165,110880,422313
536,11785,15639,81496,77529,310251,567540
537,4993,18895,92287,132462,314020,236053
538,3365,12652,49876,140064,239764,329116
539,3829,13303,36780,160578,319458,586933
540,13972,18517,71415,98540,187199,155769
541,6146,15233,45548,64963,175780,284844
542,8618,16919,76261,160689,256202,317615
543,14757,25271,72214,223764,193889,230867
544,9596,10590,53674,80860,145764,245124
545,3786,12598,68052,217975,123389,594742
546,5079,14645,69637,68307,266980,177563
547,14181,10668,52886,85819,140093,293033
548,3978,8569,121317,96018,172779,207983
549,7306,15808,46416,146669,121080,412471
550,5889,23771,52552,117105,145272,227730
551,13175,19607,28648,174832,259229,171388
552,7203,13232,91974,123772,238299,388619
553,8312,15628,54770,162809,183489,302847
554,8844,12685,66153,120920,227745,177512
555,6395,13133,51965,149322,352450,112793
556,9565,16741,92527,132459,203977,235821
557,4535,16745,42717,72267,162574,256174
558,2568,33141,126286,39400,270345,554567
559,10170,16512,77526,119121,71006,683808
560,2863,49482,111239,242817,183938,307553
561,5160,8385,51338,132376,237595,280010
562,6725,8714,73651,137873,120262,291784
563,4915,17382,73608,73483,195618,183964
564,15210,9880,83319,85624,257442,216215
565,3154,24378,58712,108827,200348,211646
566,3673,24196,43542,91505,134046,262477
567,18027,14309,79559,123400,93467,371553
568,4177,16694,64305,83736,229749,550901
569,15445,18409,45440,93235,276306,437990
570,4193,46488,139319,114361,247107,292038
571,10613,35697,45119,99559,154872,414802
572,9325,20623,33977,267692,149434,340494
573,7876,10359,46354,156726,357742,278030
574,4670,30556,120490,144738,92316,392066
575,7275,22187,57953,144487,389368,292036
576,5864,26016,34049,343370,240172,263606
577,5269,29929,37151,104699,152414,585901
578,9452,45768,94529,164664,163246,361033
579,9368,14684,119655,243686,131903,669478
580,8430,9305,85673,146588,221553,143834
581,13666,21933,83666,47711,97858,357227
582,8453,9755,64589,91331,155753,311573
583,6153,35823,49300,90016,102311,304564
584,7157,17692,29840,127479,289525,188221
585,4901,24426,50780,122348,133054,478528
586,4603,16184,92859,91053,115788,178686
587,2982,24824,83361,119431,108964,234277
588,5202,37046,48006,476186,197494,339872
589,6572,21126,74201,103043,210386,322155
590,6139,30931,32682,113061,295176,203957
591,4127,16177,53746,172849,212917,221814
592,7266,22323,36295,129789,111581,379688
593,3719,15688,101460,84100,143748,252626
594,9995,32400,47245,111855,152993,177352
595,4398,13651,135728,72951,125769,192896
596,8280,49900,66621,44275,132629,375724
597,13392,16787,24428,74105,187920,310185
598,8428,13327,60540,79898,141604,111740
599,7491,17333,40116,257563,132723,295502
600,6584,12974,80747,72051,153707,181671
601,7012,18923,48969,275673,106148,270428
602,10378,11010,100573,97989,269835,215496
603,6334,19242,56795,88376,154971,172559
604,5751,13024,107434,97295,188683,225276
605,8853,10434,90798,86911,96346,170078
606,6269,13306,47147,199193,161165,239551
607,5689,10762,35708,213232,158689,294395
608,5489,13517,98744,91011,527868,190946
609,9352,20110,65615,154067,199915,353431
610,4198,14055,44318,126915,150069,261647
611,6490,25810,82724,77407,177126,208832
612,5438,20042,97158,202252,141448,669778
613,6332,21696,90465,171061,175140,179982
614,5477,65869,30566,221627,226878,217806
615,8662,25396,62282,89520,545063,372616
616,9542,14953,79742,113030,152564,329788
617,4863,24906,47923,66353,232160,167694
618,12107,24939,55371,129840,278836,204989
619,6093,12399,69138,85701,284588,111206
620,3345,31323,44039,68092,153577,214405
621,7268,18107,86535,229833,137969,424337
622,8640,25679,76854,67153,156414,164993
623,6582,13568,40736,86644,223990,154755
624,13909,12716,77741,115444,241041,249351
625,14308,17617,109463,96547,126336,209224
626,7999,32101,60529,98404,269001,304914
627,9413,8979,31134,77829,397458,182128
628,5049,20969,37260,100862,120352,421504
629,9083,20143,90794,82634,153680,277511
630,10356,29801,62092,80020,180558,354726
631,5577,12817,77688,99842,287285,371532
632,11081,26563,49080,233656,173556,261915
633,8480,63385,41962,127452,275547,362804
634,5571,16288,35686,120000,150944,328303
635,8853,10989,70716,76825,103719,167662
636,6175,17531,45394,243382,288853,152976
637,11960,11609,31990,91386,143058,322341
638,3243,17341,99839,110893,147347,237805
639,4925,27379,68561,196001,301858,228955
640,3019,14561,51336,179413,153333,158489
641,6890,16118,109014,112376,133257,313257
642,7322,21635,53308,147721,409778,225760
643,7988,24222,27973,176069,221719,176447
644,9018,13710,64741,181672,156058,245445
645,6477,23397,90075,53451,176963,548461
646,3572,11048,73453,101130,124570,281816
647,7181,12972,49309,213853,413225,265312
648,5678,13224,26819,150933,177682,363374
649,4884,17858,70727,174095,97985,198140
650,4938,34277,83944,229079,217350,371646
651,5281,8784,46518,68881,311687,279129
652,4655,11878,124527,96825,223126,204873
653,2851,28173,109391,99792,162942,234180
654,6678,19752,68096,170926,231830,406641
655,8833,11846,80358,67059,195011,105268
656,3107,15419,43047,79370,213016,231954
657,6253,11908,71164,77005,286483,267815
658,3447,16859,68314,113018,218216,289608
659,6514,25315,40666,143306,256478,565414
660,6018,13459,84874,78991,77304,348356
661,9902,26275,67104,226647,216462,227040
662,6210,21332,35190,200976,216553,352663
663,3169,43585,47954,191519,120869,158311
664,13958,16421,58664,145659,250492,583385
665,10129,21750,56550,64519,253975,194541
666,2503,15214,78747,80921,109063,209205
667,4543,19957,37616,96558,223738,444441
668,7491,16623,39854,112820,157020,362051
669,3100,17466,124109,52759,241591,254125
670,8255,22982,120756,180838,172017,233836
671,4154,12848,81556,279060,129884,441244
672,4337,19968,43355,99379,202583,511829
673,6179,19393,37606,140800,102480,280101
674,7129,11181,39805,89467,207787,235150
675,3339,13965,152434,123686,153921,210312
676,7342,17484,110821,349883,180187,284249
677,6178,36474,119066,109045,102319,292607
678,6748,10457,28446,78248,129950,237831
679,4712,33927,64261,107569,157943,128241
680,6411,28256,49868,109448,154919,416820
681,3878,12673,38046,115546,187776,363554
682,4381,21442,76559,113935,463838,284408
683,4100,15094,44865,114865,135264,534147
684,11371,16645,97062,170610,138231,125939
685,2985,24169,114470,49856,102701,193667
686,3650,11479,96589,180784,228874,157346
687,5096,29037,33153,207641,235124,270520
688,6251,10001,137947,96375,231047,235054
689,8039,16769,47145,177400,228591,359415
690,5592,33691,56058,100223,165972,304149
691,9604,12934,50988,128663,121201,333839
692,18888,15529,78709,101785,168396,262340
693,4479,15208,58367,73921,264871,160554
694,13341,8600,30965,93060,224043,462462
695,4254,26511,51516,160113,345447,328843
696,3119,15495,69999,116190,218923,463927
697,13650,44020,42887,222426,331068,434269
698,4412,16476,32901,91800,92432,329675
699,4487,14343,104237,138376,198643,196159
700,9282,30122,53141,117679,235882,249031
701,5569,28302,58082,90528,161868,204773
702,9113,14501,37227,67519,108333,281347
703,6378,21179,60366,66014,352739,317480
704,10555,14348,46103,75132,91449,145121
705,5401,21025,47991,180808,229528,469767
706,7567,12877,70085,77170,141773,201132
707,6437,21821,118565,103645,189701,239747
708,5038,11142,42675,81168,136008,425233
709,3410,9029,59096,157543,275071,395492
710,5069,19391,77684,141572,233684,188990
711,3937,20603,92272,109116,206533,183945
712,8605,14334,35634,89914,135110,181385
713,5048,14894,58609,151303,262936,773184
714,4251,18236,65295,44094,85178,362281
715,5893,49586,39602,72683,91526,370407
716,6307,20207,57844,68017,175901,153392
717,5884,22628,111298,109805,208135,333979
718,8411,16349,47470,53469,118945,287774
719,5998,29462,77072,73420,399883,355282
720,8775,14902,38732,73107,200066,294075
721,6299,6068,57633,160200,245214,436751
722,3899,14931,41384,87528,99080,269062
723,5444,36205,104673,142775,224764,431666
724,8212,10775,65515,91674,577755,222273
725,5154,11973,98089,89089,336047,519950
726,5769,12561,65895,156505,200543,144500
727,5242,27329,56542,97998,156837,117354
728,4325,23034,65809,142676,143502,321294
729,5319,11977,46960,112389,153551,190450
730,4676,15389,67713,97640,91631,230868
731,7900,10462,65849,124188,99280,139376
732,6687,13680,40324,155124,274012,242035
733,3378,21286,64632,168699,169743,391997
734,3901,29540,42595,91305,82864,186758
735,4241,16004,64602,122542,102893,202818
736,3617,11099,41892,104822,111834,149872
737,6804,37305,78051,247459,196381,293048
738,5520,15842,52227,133387,119532,216989
739,7026,29024,80638,93343,139809,266265
740,3309,15111,39334,38261,192352,224230
741,8083,27511,29401,103118,165301,232914
742,5339,20086,36645,165988,113284,170383
743,5725,21197,52047,204200,881345,237008
744,4090,14135,88981,87321,111090,220413
745,2550,11942,49122,53940,215272,321873
746,7611,13144,52072,78422,131379,399086
747,10673,22227,36027,131799,262936,292743
748,8146,15875,95603,131606,272898,350873
749,3924,10306,53467,109882,110493,213642
750,5796,16828,35760,186248,157451,216968
751,4579,14756,89293,156197,183976,178898
752,4081,22136,40670,116430,179148,136966
753,4690,12328,44459,134339,233182,285132
754,3045,42362,85608,61193,205715,256390
755,5691,20125,49313,124500,96644,450780
756,4150,43164,100044,77609,108118,275594
757,7244,33769,39486,127813,122796,155387
758,5078,21625,33450,114344,105721,210735
759,10605,13557,39052,100506,167009,106424
760,4996,8647,44483,53648,144826,257291
761,10707,11345,73042,254550,193535,566419
762,7129,18080,70207,77325,97986,527941
763,5760,12849,43205,226908,131778,162570
764,6914,26910,34106,127198,180761,245512
765,4045,27999,75365,100482,161355,159404
766,12558,26161,48911,84368,164637,94964
767,4068,28372,44612,103990,149517,203184
768,5520,51588,39987,118042,152397,195820
769,10089,12074,170494,102783,177448,253740
770,5854,13889,60014,107369,288026,391592
771,7253,23089,89402,215562,155791,294857
772,12528,23167,55530,67059,174167,614350
773,5243,15598,54814,222192,164414,234218
774,8839,20256,93971,127781,157897,229260
775,7181,25133,91924,174560,92943,267784
776,6019,14649,52767,138297,272303,312905
777,7238,9350,64115,149895,125347,478994
778,7900,13396,59371,65680,152665,196250
779,3629,22771,123647,121540,143784,230050
780,10653,25474,64879,80407,63461,148972
781,12781,20322,64556,132898,179661,383422
782,4226,22180,67375,82712,256776,176906
783,7038,9364,73556,162212,148245,184089
784,3216,24348,50744,115519,306339,193904
785,10614,16030,73035,67034,333103,235211
786,7797,32042,41066,189582,192410,240225
787,12242,19058,34888,108363,105834,110174
788,10264,39927,64141,166845,204889,242324
789,6169,13755,45733,156626,263364,215896
790,4323,26007,66359,65740,120572,205962
791,5147,15348,50210,103652,166006,226617
792,3885,23660,48827,191969,311072,281714
793,3089,30701,68928,101692,111308,411272
794,10647,15565,111967,83574,201605,584345
795,3013,15214,54117,145408,264830,213307
796,4346,30016,89255,258320,220611,629592
797,8285,13842,34890,79679,123708,294986
798,5151,22915,43504,136575,556385,133373
799,4309,20061,76206,60689,123204,190493
800,3607,10601,31939,189108,211060,346130
801,5350,26744,32685,178747,247790,276671
802,12038,30451,40053,271340,115200,194636
803,7337,19810,49982,85500,126425,260100
804,5857,20333,58413,117774,149180,199631
805,7579,20802,41229,129989,94046,301655
806,9123,25273,89875,116021,334076,374119
807,14590,42849,42501,228461,255056,513434
808,6412,21251,64411,92932,91981,316673
809,4613,23316,63100,101491,154085,140131
810,3889,16252,72757,123080,159302,240087
811,3743,25086,56228,53878,66890,326600
812,6634,19387,85707,155443,266475,308240
813,9024,23729,92333,68582,107090,226004
814,7975,14312,105230,130393,155873,184233
815,2900,14614,32672,84159,189354,409214
816,4592,9684,60796,211978,205227,561420
817,10233,9658,47757,157267,143308,176657
818,7008,20109,45622,172699,137050,220890
819,3724,14295,72781,180058,305761,339814
820,5072,26391,62917,135806,102603,193427
821,4095,9483,62991,167708,433844,357171
822,6436,14464,70727,153223,227536,107065
823,3512,32124,48351,159059,196175,368845
824,4083,28146,26357,67609,169968,214659
825,6672,38185,49344,122527,308552,265255
826,7313,34031,38257,89803,120501,159831
827,7495,14081,68875,101774,121031,123076
828,3051,25063,31398,80236,125874,317846
829,7384,22387,76581,114560,170397,123189
830,6095,29799,63585,81253,161690,198185
831,4418,22689,52050,161082,144629,253291
832,2602,25119,127587,115706,185401,140181
833,12293,15688,51642,81812,163695,315276
834,5474,15889,31749,89104,195138,206615
835,4256,13489,30468,129659,245506,261175
836,4756,17366,58162,150642,266086,252860
837,16352,15044,106472,77155,139336,133871
838,12440,18379,81514,154855,134479,452069
839,4775,9782,119606,112000,122410,221511
840,5847,16811,36701,125028,142469,196152
841,13731,28329,35465,104606,192682,183414
842,11308,17128,79001,173136,179315,277670
843,4905,21892,65767,125069,517490,296462
844,8026,37263,65421,79248,85305,284133
845,6004,34750,35074,311658,121480,329679
846,6606,22561,62326,130702,82331,268741
847,5635,27270,29536,41846,260223,728992
848,6067,16320,41582,102820,204036,304946
849,10313,24769,39559,95026,161981,150455
850,2021,20681,49713,88853,186305,218614
851,10270,17178,63448,143614,105836,263487
852,5836,12937,50531,185199,89013,228635
853,8416,14672,126785,185676,101544,276001
854,8193,13914,55151,269319,185364,216112
855,9589,9143,98320,75823,340137,174806
856,9538,20246,56473,99396,371097,192212
857,12055,10723,101295,77152,241781,150853
858,9244,13619,30310,100225,189149,217689
859,12028,17313,71940,111091,75187,408565
860,4799,37109,46585,104595,162160,159125
861,4975,25499,35959,75245,91754,324760
862,11266,34450,50938,84744,231354,218522
863,4747,9231,61618,168583,113676,199788
864,4632,14323,63419,83030,338993,325754
865,5923,17900,43782,79913,140953,379751
866,6294,15865,66673,53166,184085,180153
867,5245,8798,47158,73827,173966,145902
868,6541,22863,38143,132526,140041,382862
869,8694,8784,126499,52800,117229,351109
870,4118,30892,127106,95527,184136,285471
871,6930,17237,64218,271918,221917,399106
872,5867,26762,32326,102343,184408,253129
873,14413,18895,73776,138883,170148,166350
874,5090,17424,46729,67619,377201,233384
875,9229,14938,69379,62829,299383,138470
876,6033,21078,56910,64130,119191,513609
877,6385,12921,28247,62082,130407,243151
878,2837,21573,93311,202504,261542,264253
879,6623,19200,34743,132783,224715,254787
880,5991,10754,101234,178862,330735,184545
881,8842,18626,95005,74350,67141,269188
882,4549,14105,54600,158411,236461,155296
883,4030,27968,52213,146406,443083,342967
884,4047,57984,46060,112920,334900,227111
885,6284,22281,37160,110382,121201,463119
886,5534,19150,47167,91611,146448,274888
887,9176,22193,92154,150736,131778,330060
888,4173,23134,66785,139761,229384,268596
889,2873,12093,116449,69464,92627,411742
890,6663,17576,35640,110541,174066,769247
891,4576,27272,71382,135121,145071,289746
892,8404,25658,117676,177837,195076,365250
893,4448,27141,56658,85269,86151,247527
894,4770,20931,112933,164651,109692,282922
895,2825,8809,41416,279042,97758,218044
896,4168,25416,108632,281868,386024,356105
897,4466,22638,59262,192268,200105,301240
898,7105,12766,43687,140239,175558,260556
899,2994,29662,100827,193701,378135,151073
900,3056,20361,28973,86387,164285,396025
901,4316,16205,57862,97475,294757,260794
902,6076,17554,40431,69374,221414,331886
903,8100,12973,80168,122065,86045,288049
904,5635,22921,143674,83141,328323,316490
905,6518,9251,29012,72592,203624,427241
906,5936,16664,61143,95075,366700,364719
907,4874,22253,90737,176712,513597,257824
908,5463,19446,77507,143427,108763,256514
909,5596,22970,36795,111653,276317,362426
910,6291,18949,92195,68836,151171,267750
911,9721,22050,44747,150503,400195,187621
912,6316,20160,71941,65775,314104,298955
913,5134,16402,70165,220531,157984,172409
914,4203,37107,78956,131236,160246,397158
915,7350,19234,24959,121357,84114,248760
916,15177,33145,35030,89037,173838,246282
917,2644,20564,39606,173295,130598,207274
918,6328,17612,46432,104686,222095,211509
919,7575,40327,34227,106282,73934,268069
920,5347,16745,38931,128607,109233,231091
921,5454,24228,46394,117381,269839,247054
922,3862,18046,70160,79466,243642,132121
923,5445,18180,55167,112259,151182,275079
924,4224,12297,108513,209928,120989,233536
925,6356,40354,40802,126964,139469,293066
926,5671,13640,64631,68870,155456,305398
927,10235,13252,62735,85656,150804,268180
928,13794,16442,58682,160894,94631,124089
929,11454,14627,102814,104309,221689,172548
930,4483,15319,57252,105143,186308,310704
931,9400,21706,130322,114817,228498,277284
932,4430,36896,77332,108288,117456,755850
933,6404,11862,45792,71081,161120,223321
934,4120,12002,76378,292427,102678,299138
935,8534,12240,67198,121144,128276,476376
936,7135,32499,58473,247997,272983,180211
937,4765,19006,71273,83617,169316,317403
938,6479,12604,83690,238960,78295,283414
939,13710,17437,67797,73326,147353,492621
940,11450,10655,46868,68145,450236,378075
941,6572,42816,75197,88218,106399,237689
942,7651,33902,55847,201175,242588,141236
943,3862,22601,55653,137836,132118,356203
944,5727,23770,94431,278153,250712,494165
945,7093,9299,34943,168109,152700,310951
946,4931,16577,43895,189821,121421,148186
947,11499,17317,87922,112753,177834,291135
948,4788,17877,74801,123838,172895,198600
949,8204,18072,39713,91611,219929,280814
950,5317,9640,35890,68595,179142,263885
951,6233,20819,43324,121721,204726,557575
952,5669,12272,109106,167609,178698,220518
953,5727,17829,63925,76931,231255,345332
954,5476,11321,97182,124420,83536,287360
955,10649,23726,108470,140100,127176,168637
956,10708,19985,56392,129673,269153,226367
957,7316,16059,37132,147287,248777,256361
958,3423,13436,99188,218611,168003,206116
959,9831,6734,46680,113839,174681,217404
960,6822,12233,71684,310059,111863,264651
961,4873,22997,54752,144992,172953,362450
962,6286,17591,112670,166777,185461,234869
963,6491,18051,159097,83182,151154,173482
964,11716,16360,46487,129259,184237,189877
965,6828,18177,43058,70229,292280,127981
966,8093,23510,74105,133028,220417,381699
967,7099,13176,58732,102963,180594,338568
968,5023,23577,78834,56428,237046,139004
969,2882,51953,55053,117346,180409,185412
970,7308,31206,50013,176801,109532,292699
971,3774,20521,48326,81483,153936,193681
972,12672,17443,67861,258123,371312,388903
973,5356,10750,51301,202931,273414,413158
974,5756,13575,73000,114257,170198,164388
975,8697,36456,91748,67061,134861,214078
976,4729,12853,104203,111452,300661,648806
977,5641,34317,51722,144871,114920,378542
978,3414,24998,84385,72911,100487,356112
979,17722,32573,41867,127397,191217,159148
980,14457,28240,55436,304885,317931,323753
981,5147,16870,37523,103711,146243,296404
982,6012,26713,40559,129963,248996,381886
983,6349,37386,46137,87948,96905,137203
984,5111,18154,57000,88984,246907,275211
985,6990,33503,64720,147997,106451,229159
986,5910,21292,111485,88598,134483,237876
987,3264,16650,70310,75421,180075,260052
988,7609,15688,35493,112745,233811,285070
989,5038,18063,34055,93887,177135,204218
990,8313,26957,115724,95401,136508,261471
991,5635,38916,57890,133006,325714,162624
992,4322,19614,36771,77349,393077,309674
993,3851,15417,55553,56735,145149,169127
994,9540,12329,38075,93471,315884,303079
995,4236,23378,53650,98399,227124,269855
996,8014,11883,81289,209713,482852,323816
997,7161,45621,34277,54444,179713,317322
998,5867,14102,82690,51820,143115,547910
999,4377,33304,51209,88134,144770,347609
1000,4811,34324,46383,99361,71818,280389
1001,8779,19522,75929,285237,194719,623976
1002,7343,24211,52171,173170,479004,750180
1003,3808,15737,46479,115134,223124,293283
1004,5025,12147,101749,144415,152008,182876
1005,7017,21389,143917,73707,305912,140661
1006,6508,20371,104206,61389,98187,590802
1007,5961,20096,71494,80873,155689,249893
1008,3910,19865,118286,171506,198906,266863
1009,6422,17872,78913,105590,188713,330800
1010,7477,27198,57337,123902,196719,418391
1011,6801,19320,283493,65977,126441,695128
1012,15052,10129,55030,61270,115781,218853
1013,6272,11344,58702,117233,321428,314158
1014,4217,54740,94106,152822,426616,199030
1015,6598,19146,126977,142630,128250,310461
1016,6883,21936,24917,64216,69033,147372
1017,10554,13361,40284,64964,186895,200846
1018,11471,41447,61589,61761,279290,159942
1019,16195,13922,105235,94605,153952,214868
1020,7796,34349,40639,102555,278888,253298
1021,4083,8700,64852,131774,400402,196364
1022,6090,19500,68341,85325,76917,318144
1023,6784,21038,66731,123521,149822,183616
1024,5432,31829,87584,235533,159590,452914
1025,5376,23920,110708,52232,130116,303929
1026,7932,28407,39171,103033,395705,230007
1027,8577,33971,48869,149866,143061,187996
1028,7560,14024,87122,193203,98005,288451
1029,10694,16008,71903,131945,134725,255202
1030,3674,13854,124337,165574,131893,446816
1031,6027,10102,111990,58882,382683,170423
1032,14770,12323,99709,198988,93311,116032
1033,5568,17230,90377,173814,478361,141520
1034,4047,18618,96320,93362,152759,249614
1035,5636,31103,47957,176034,66285,278644
1036,4194,32914,73399,145993,272750,252468
1037,4358,27562,93370,124718,202813,298870
1038,7372,15629,54329,88631,104106,269894
1039,8445,10835,45865,83301,282228,200974
1040,7152,37800,73055,134409,154137,246866
1041,3422,18499,37447,162806,154694,262121
1042,8189,23334,56688,97292,239549,174441
1043,3816,25618,31822,69926,200413,190884
1044,5475,36632,44720,122929,183425,165823
1045,5834,12181,62913,43796,196271,307826
1046,7388,23847,140228,129461,240869,262458
1047,12088,13476,82526,103467,104517,415332
1048,3735,24943,75376,83572,161541,241095
1049,10629,32380,82352,113432,113781,432185
1050,2886,12745,45899,112045,188275,193044
1051,8115,10774,32063,117051,133735,270102
1052,4900,35012,142167,258322,192571,187724
1053,6099,19626,51286,119983,459672,157745
1054,8294,28572,46314,132047,207394,198186
1055,4009,22979,77542,129744,100943,261633
1056,4694,24295,72873,79340,101577,668832
1057,3140,20083,65223,61116,215758,148139
1058,4260,35562,31442,91308,269926,194669
1059,15475,22163,80968,117867,150143,170403
1060,5384,25405,43961,98392,133065,271072
1061,9787,35044,94309,149684,298506,135021
1062,5374,15619,92253,94833,84154,241171
1063,5267,16404,61993,59030,211294,414476
1064,4994,19536,87571,85114,181183,314061
1065,5502,16952,75023,197093,114241,372265
1066,8692,25703,41844,82001,114677,411207
1067,3934,19095,112887,240565,230216,432697
1068,2680,35221,71936,90227,144979,130911
1069,3972,10813,127795,105746,353565,479608
1070,6497,14817,102579,207829,145940,106109
1071,2999,29339,46606,146073,167667,338586
1072,10487,32261,99808,218440,96443,272619
1073,8434,25098,70560,97103,275531,205151
1074,5158,10534,66045,67902,120110,369238
1075,9824,37621,45016,67703,145530,240669
1076,9556,53417,41454,100676,276758,228387
1077,9810,24234,95145,130385,182331,168970
1078,7126,30390,78535,182212,220002,159646
1079,9812,18847,55069,91691,261954,236928
1080,10991,42795,68189,130361,99784,292267
1081,6102,18373,47038,68257,139059,312305
1082,7460,16485,62699,75171,134856,224243
1083,5013,23059,91938,58498,151682,611338
1084,4223,16388,64850,75311,181540,630690
1085,6601,19646,46866,182331,211826,255541
1086,11815,12129,56144,104418,187766,190255
1087,6691,16490,35742,179650,279287,778969
1088,4886,22367,151932,229051,186777,123482
1089,6465,21994,79205,111116,199339,710402
1090,6299,12734,47787,59535,153406,389615
1091,4830,18684,57406,82750,198789,160374
1092,7652,33181,49189,161971,163834,403204
1093,13243,21340,44905,175389,275226,172962
1094,9712,14509,89963,71858,139452,232245
1095,4932,24644,44301,86876,97877,181927
1096,3232,39610,59074,55790,102505,373456
1097,7473,15508,55761,81076,361260,206778
1098,5225,18569,86672,84758,310529,205713
1099,6110,8439,47404,59759,165308,671474
1100,5169,12503,80433,68664,242487,347017
1101,11005,9894,46399,77274,267144,180665
1102,10578,22494,63824,130768,312881,371281
1103,8434,14796,54670,113029,157580,202416
1104,5518,25451,33337,85682,262602,182607
1105,5092,20034,41788,103001,335423,164570
1106,4837,38439,41594,99440,282105,226625
1107,6154,15390,44173,293175,267591,208972
1108,2993,37890,57415,135708,223510,150824
1109,13949,20461,113259,175201,127400,248694
1110,3202,16957,89640,181829,287875,192647
1111,6262,10806,47810,195300,151912,215229
1112,4359,12136,86848,118407,271933,364274
1113,6777,23749,103634,145910,268913,200179
1114,11549,37002,78576,61827,169232,268074
1115,6143,18598,36449,133117,79962,529346
1116,4364,16640,66745,140288,83014,214279
1117,3415,15753,77106,76140,208229,261133
1118,3634,18301,50870,143003,139341,232775
1119,5651,14443,22417,92659,250081,214109
1120,7426,10598,30122,177855,90419,242162
1121,9308,30298,62324,60420,247163,164904
1122,4887,22157,45428,55440,208769,169988
1123,7929,17388,86093,68560,162845,379563
1124,6139,13929,91705,107428,341014,149363
1125,6314,16612,40323,157365,213929,221584
1126,11968,29276,42044,47975,162525,198748
1127,7923,10400,40571,118495,293884,178949
1128,5024,16428,108280,150779,370714,138845
1129,8949,30585,60655,286686,126205,377224
1130,5100,36268,66989,166767,124012,121212
1131,5128,20291,53552,231250,119234,149983
1132,4326,25337,65235,175984,233934,209649
1133,5477,15678,62931,100466,275996,310993
1134,4559,11867,45158,94773,213834,356050
1135,7379,14807,67411,156280,73623,128606
1136,5224,45533,25360,163365,161469,197796
1137,15097,10030,76269,74304,155943,202693
1138,4662,28610,80366,89172,306668,283234
1139,6477,18229,79535,114136,196548,168420
1140,4000,15458,54298,65634,134635,210822
1141,7536,17164,34293,105312,163978,304115
1142,3157,20321,34992,84337,190548,309381
1143,11029,14762,91687,159918,263647,443323
1144,3352,11857,126605,108786,82176,224398
1145,8268,28874,51388,76535,187888,347402
1146,6681,14443,101995,99202,315450,177305
1147,2986,22388,65087,76126,233133,257831
1148,5990,30497,51711,116321,296065,394218
1149,4224,16468,54353,109147,114803,197543
1150,8690,30071,51706,61110,260165,419419
1151,7967,34985,46383,101449,161477,312237
1152,5967,12704,71680,88684,117776,242188
1153,7506,11969,47927,143942,114538,270896
1154,5193,16237,66349,109585,180846,127026
1155,4777,15986,52591,68358,149344,204433
1156,5383,9861,32476,212420,200592,190564
1157,2900,33237,92459,88424,231923,429875
1158,10422,25760,45270,110154,196715,180182
1159,6417,12965,90902,100025,265709,164269
1160,10584,9796,51314,157613,247090,405215
1161,8383,13499,45798,149136,91237,186118
1162,7571,21117,46426,129827,114788,318623
1163,7821,24303,71173,113395,166035,192800
1164,3161,11119,45904,75817,147127,260661
1165,6517,19406,27492,160310,273326,317397
1166,4855,55370,32297,67993,131433,252155
1167,4750,27289,35716,107151,441952,710860
1168,6529,16099,31240,109963,175584,217379
1169,7086,15240,79262,106198,362603,134527
1170,11271,16076,38005,110047,333492,419596
1171,5109,14063,64463,107504,307228,204252
1172,3788,13334,87373,114085,167730,508351
1173,3428,40718,78287,85130,94163,206436
1174,3338,19809,66170,88578,223758,347123
1175,15090,29000,78327,96134,86307,633599
1176,4937,22521,102883,63338,91895,580218
1177,3095,34725,90022,85183,123697,189379
1178,6170,26112,58215,54087,130640,165215
1179,6730,13888,62672,79392,239792,328220
1180,6930,16356,48720,201513,199444,264357
1181,2385,24749,39420,77550,355016,391603
1182,6048,15979,60752,89920,176373,143446
1183,4987,23497,58837,90225,263839,175542
1184,4538,19438,53483,130118,77781,374674
1185,8450,14626,84566,81801,228289,211481
1186,5805,15337,66791,130584,120588,157000
1187,4994,18606,66311,46031,111347,366586
1188,3545,12637,85300,172988,319112,190970
1189,6942,14627,65448,78215,196426,232949
1190,6516,11512,47901,105629,198352,394539
1191,6102,23372,50677,208428,227604,382389
1192,11149,20503,27081,103560,144354,133253
1193,9265,31811,41025,112011,137992,217058
1194,9906,13131,56087,218237,140268,744088
1195,12761,12247,117943,66923,59518,314853
1196,5367,28917,98800,96787,169598,268842
1197,4211,15557,40403,105200,240592,213465
1198,6207,23554,34602,71961,161564,194662
1199,9732,23090,48971,66282,290082,358865
1200,8581,7567,45820,78895,261528,295603
1201,4237,33312,42111,92913,77146,261419
1202,5649,33764,50290,74932,229822,244435
1203,4086,13358,66665,90987,253502,207972
1204,7642,36445,38543,95441,107671,424580
1205,3550,28878,52990,114125,161944,210941
1206,6697,33914,79770,115380,136951,664780
1207,4495,31821,63608,182057,195366,671629
1208,4262,24293,60044,119613,116250,183846
1209,5319,16902,42445,114281,123403,262119
1210,3590,17531,44362,125571,323136,300470
1211,6888,25759,85738,78081,130497,285411
1212,7016,29609,48815,89061,178083,382220
1213,11671,11626,81856,78974,208481,327768
1214,4533,16827,64305,75520,174534,443447
1215,4620,24145,69985,157438,213450,305628
1216,4366,37509,64719,101163,256566,534718
1217,5608,32601,61911,106231,90863,155009
1218,8839,14895,85801,85822,134251,314793
1219,3641,13862,64202,124664,504562,157059
1220,7585,16676,46478,147028,90522,136017
1221,7072,10729,49319,131528,259305,251376
1222,6003,22045,73340,100716,250046,172835
1223,5094,33438,43901,95954,189185,228940
1224,7780,18636,32244,100528,218514,279562
1225,7838,18510,73048,88157,78131,154468
1226,7858,30975,44600,146518,226966,382306
1227,6281,13760,54523,76489,158871,199967
1228,9113,26432,39535,181154,132082,413062
1229,7269,39789,92921,94691,134402,268036
1230,5184,13656,115804,120809,310355,365996
1231,8207,19636,50750,171417,91907,367617
1232,10860,9802,62412,69052,210467,286138
1233,4774,17914,80810,81108,111345,301516
1234,6040,23194,31605,78921,159391,259651
1235,6754,22235,43311,144831,222484,218270
1236,8121,19159,61217,97554,108407,462833
1237,18218,15017,65435,107401,178023,287448
1238,5551,15453,26938,114005,141127,182937
1239,4466,18868,73570,166837,188297,347048
1240,10657,34255,82116,49989,256107,268890
1241,7860,42744,26641,181847,156882,359806
1242,4066,19084,150156,75608,123849,354474
1243,6493,20452,59310,99121,126787,355327
1244,3977,39442,56449,154273,184269,628240
1245,5916,12421,140694,206381,197500,250664
1246,7115,30831,35596,172403,88525,361532
1247,4090,27769,70472,131300,107941,347326
1248,5181,16220,77988,86274,167765,621180
1249,8064,19908,78625,50219,162584,140249
1250,13710,18680,101563,162166,219585,258531
1251,3944,14149,107957,123146,269296,98003
1252,10012,37960,37326,63759,432808,646285
1253,8024,36590,50026,75530,163582,347281
1254,4825,21437,69092,171668,457109,236794
1255,6748,9341,56231,126762,184467,329364
1256,4810,15364,41581,86996,384608,206499
1257,14062,16060,104704,201753,250905,263630
1258,3934,42029,85705,71002,133042,467283
1259,9085,39605,69144,74812,116585,456154
1260,3841,22438,47349,57447,189905,159860
1261,3675,29114,54014,179812,304793,265243
1262,6235,14576,82091,76460,89846,237856
1263,4141,9542,39518,301042,108939,458810
1264,4470,39687,125916,74016,255931,435296
1265,5869,19936,97930,34865,95864,372232
1266,7558,21923,59878,210511,119548,253939
1267,12682,14834,28871,79798,222392,151862
1268,5781,28807,146571,159944,78038,484332
1269,4815,23627,145306,69025,133167,157765
1270,10371,14583,45765,139182,279306,158015
1271,5512,21501,30290,91950,123049,147379
1272,4159,10058,37346,87123,156966,199824
1273,10265,28151,49031,69513,127504,370356
1274,8048,32512,65519,346232,123354,155793
1275,4759,16224,50753,56866,195005,295539
1276,7206,16654,85850,95127,159212,175238
1277,3141,21255,47690,103539,382912,351345
1278,9200,18483,76053,126382,153424,282320
1279,8763,14051,42862,145466,91740,228136
1280,6907,14859,128064,180848,155628,165588
1281,6400,7556,101478,109751,98694,218571
1282,5713,19568,51160,149616,245370,225478
1283,6137,12995,31181,83168,111791,274283
1284,9481,9871,43141,132700,133344,263057
1285,4711,45998,57786,155830,114257,354003
1286,5840,12477,48599,111178,224705,308362
1287,6077,13222,69215,148260,186584,144184
1288,5646,14616,40368,92892,161396,286322
1289,4608,23140,79898,95515,87586,210232
1290,9559,23421,40304,106537,182964,375758
1291,5705,19595,50049,237329,112706,221197
1292,4892,11265,66841,106595,120189,209228
1293,5858,15095,56126,76723,130963,215301
1294,4323,10954,62790,177074,233641,223009
1295,7577,23591,53489,79035,194414,186820
1296,8605,16240,84482,266128,428375,666712
1297,7334,16302,86854,242458,232897,443983
1298,8051,13863,91150,72642,228190,361443
1299,4109,30065,54805,128762,137320,254430
1300,5861,15862,43734,81596,161033,244273
1301,4823,22100,33543,77438,179455,256022
1302,7833,12224,46036,73191,358777,593126
1303,6878,21480,62206,99644,174626,431056
1304,3762,29035,43081,84291,361506,136941
1305,4827,48986,43254,101171,238719,612767
1306,13465,22580,121037,108919,233382,224091
1307,5322,33199,83005,93321,157534,332469
1308,9233,25771,52599,254572,121908,273779
1309,3186,18939,88831,55802,180013,653113
1310,10322,13925,46023,80856,69724,179759
1311,8675,18068,41275,110137,351794,260107
1312,7658,16165,94515,134687,179945,543794
1313,4758,15000,128593,177624,374463,478285
1314,10175,63532,46118,321840,153709,190970
1315,5897,12076,61827,138476,342162,319530
1316,10759,20237,74359,102256,386287,124003
1317,5186,10124,44590,92699,162143,159838
1318,5873,15312,35324,110469,197410,267778
1319,5108,17715,52415,122256,128688,223680
1320,7612,14817,51357,120010,200664,125857
1321,6397,51795,72853,140179,134968,445831
1322,5299,13522,55520,175685,150153,262946
1323,8005,23519,42045,98404,159841,137678
1324,4770,15590,104265,204403,173085,304625
1325,5928,41278,33095,66296,125205,155092
1326,9315,15168,43266,161236,235905,322408
1327,5313,32490,41500,68440,152665,141411
1328,3965,22057,96052,119433,213519,333111
1329,7342,15737,39059,251948,127085,175246
1330,10088,11070,74564,76372,135609,144510
1331,9034,9606,59667,129138,135856,133216
1332,16658,32005,33315,68394,123383,172814
1333,6397,9326,44578,101830,197232,232954
1334,9980,14085,31943,148565,339805,537821
1335,6553,32421,77883,123094,125696,207325
1336,6822,13809,89218,96096,83451,216959
1337,6899,23253,64492,70430,164673,180118
1338,9079,15700,64366,180163,162369,214800
1339,12389,37524,44201,115520,112771,175353
1340,8584,10286,47618,88476,222052,511261
1341,8488,18024,61664,108815,351535,105847
1342,5312,11546,59060,95023,159785,374576
1343,4425,11790,72863,73607,106912,188131
1344,5859,14367,42726,194634,246262,306622
1345,5955,13178,51333,118647,160929,193567
1346,4954,30866,29512,93388,130305,186954
1347,8342,15501,77217,74104,356108,321954
1348,7885,15955,47875,91554,295919,286864
1349,10305,17945,28989,53904,132965,380876
1350,10349,37924,40189,121963,297576,191024
1351,9188,14619,59632,71338,168597,168862
1352,19441,10743,63068,66668,155412,309611
1353,9413,15029,43577,85249,108001,183491
1354,4483,16860,62752,146436,192529,104079
1355,7396,18080,108152,166312,117136,328703
1356,5105,17440,54294,132135,399552,294149
1357,7387,15427,143006,172647,207074,150879
1358,6540,15596,57236,108424,252332,296056
1359,2896,24066,54160,113762,134747,255161
1360,6373,27546,90255,67559,114903,165393
1361,4207,19075,60829,128985,129334,675854
1362,8269,19983,28454,113560,238190,273197
1363,6196,35370,101643,99436,248991,131830
1364,7793,33272,67884,127291,181866,267518
1365,13603,29078,47909,193098,231582,293017
1366,9530,13361,46676,210319,246820,158158
1367,16083,9004,50373,157793,415624,280890
1368,6706,17456,40677,82859,265710,308864
1369,11218,14666,86434,98422,103262,605862
1370,4085,18998,51575,122375,120598,331511
1371,10091,21361,68805,94716,238612,174939
1372,12076,21007,23683,123432,246542,110464
1373,4752,18317,111284,270299,158667,246992
1374,7119,24134,38501,57137,176566,283065
1375,7533,16442,28572,150694,192269,429990
1376,15254,17366,59879,151180,108892,201340
1377,3233,24834,68998,247238,481743,516580
1378,6876,32580,41261,106736,303609,123949
1379,4435,34654,61104,170880,192242,162719
1380,5902,17414,57946,201799,142131,146526
1381,4387,18548,50439,126093,431631,366605
1382,5844,28644,120204,103162,182885,248452
1383,12269,27248,34776,56340,108670,379520
1384,5504,12081,54885,71846,178295,644183
1385,6022,11010,50580,99706,154388,286680
1386,11403,20262,72166,70072,198532,284253
1387,4729,59300,39839,298706,559104,163452
1388,7334,20606,125415,152060,123725,339159
1389,4103,22216,63992,81539,161035,188301
1390,8866,28751,67008,200313,192038,290498
1391,6588,17420,94318,105378,94271,170288
1392,4086,30914,31713,94637,244025,259278
1393,7569,38566,98855,99660,118015,238293
1394,6639,10830,131367,208061,367757,250203
1395,4806,29342,51499,98989,124871,302549
1396,9802,19818,52201,76736,96876,251226
1397,10866,14990,75990,211609,114456,437129
1398,2954,14809,50035,187728,157156,235155
1399,2892,14005,174457,114289,172899,436340
1400,5116,34274,37117,99438,157711,188551
1401,4114,11762,41261,151456,81141,248776
1402,2457,9518,45587,55710,290472,405652
1403,15851,34764,135189,87934,156038,333136
1404,9535,21338,31475,113161,147220,589133
1405,5578,15062,41366,63291,160767,188502
1406,4960,22635,45562,78570,333918,199044
1407,7786,27559,117041,93694,217280,272860
1408,2988,10590,37432,83105,213221,164783
1409,8099,17859,65783,46932,151859,208438
1410,4720,16273,94675,124473,324847,186310
1411,3117,24154,25490,113759,173875,195263
1412,7644,29126,115746,55210,330670,498470
1413,8807,21448,60784,105547,263223,301143
1414,7273,50729,52028,151260,200296,191601
1415,3100,29107,81073,87992,212852,227494
1416,7396,17689,61273,173691,610135,403435
1417,8746,16980,94415,101366,136546,129876
1418,5692,35389,52142,101700,152372,343115
1419,7347,27304,35889,164683,356461,248991
1420,8212,25533,39585,89821,182715,169533
1421,4021,19331,60448,68102,292226,282508
1422,9784,43111,52716,77179,233499,117714
1423,8173,23030,25499,80375,242273,339166
1424,5943,20702,74377,148506,129868,498049
1425,9854,27277,58223,131912,209213,279036
1426,7941,21987,86272,75748,140835,179390
1427,3236,22270,77529,61496,262634,316657
1428,11590,17177,29403,75963,130643,335608
1429,4463,11921,76414,178254,296632,215126
1430,3762,16289,56230,58673,175420,364532
1431,6733,30215,50151,211164,123218,245458
1432,5864,16652,78101,198370,277879,308815
1433,5016,31891,70830,91427,172613,219687
1434,3680,22339,72994,80910,74446,250541
1435,3313,13368,98936,243466,262190,557361
1436,4858,19445,54707,55621,124320,339497
1437,3038,12464,43373,113461,255256,197608
1438,11431,22480,37463,92524,195820,178302
1439,4333,11677,46921,87684,130031,355702
1440,5192,27882,118814,84638,157006,353347
1441,4546,12147,69727,71906,106839,213686
1442,8212,18927,49348,90599,188296,218607
1443,1929,18507,31377,80969,208859,466122
1444,5837,13762,126369,87050,167042,140342
1445,4575,43588,154043,131080,94819,375687
1446,11961,33960,85438,184703,149659,285195
1447,3554,18915,73843,96575,239060,117195
1448,5834,36849,91245,124658,177693,188025
1449,9142,11948,55469,66289,179281,143768
1450,4108,17265,34536,91208,161161,125317
1451,6541,24030,124255,145489,209768,148775
1452,5933,12993,82782,184355,111975,309185
1453,6648,11924,85549,117430,190303,189564
1454,4733,19804,32259,143683,185634,155924
1455,6196,23998,41226,107828,104502,198169
1456,6203,22765,96244,77988,126066,137443
1457,6763,11442,79431,137413,126395,319564
1458,6812,8964,46815,104706,191260,308912
1459,7849,24326,51287,77734,198076,486146
1460,9040,12862,40159,98821,267910,429897
1461,9097,9979,45727,159861,198599,236169
1462,5392,26927,37252,124401,105062,134533
1463,7726,18351,119642,51031,319959,239615
1464,11935,20709,52246,194763,159128,242736
1465,4765,17548,39265,132670,131866,283462
1466,3314,18971,71587,89137,204375,180546
1467,3422,11397,82710,133928,133694,335231
1468,21078,18700,41849,307757,193834,335065
1469,9332,17405,98923,136941,113050,241086
1470,4810,14955,60435,87435,159459,437225
1471,6332,8944,46060,43450,171503,497060
1472,6112,18703,34404,80709,145734,203849
1473,4752,14858,68266,78314,148206,370090
1474,11521,14235,31012,255102,215215,149827
1475,3442,29976,68712,196676,187844,189261
1476,9655,10935,57285,105113,321059,518195
1477,6682,19512,74907,80717,215886,254013
1478,8668,14386,43070,317348,256652,317288
1479,4791,15237,41547,74993,107755,410864
1480,6284,11026,49210,98149,66207,229740
1481,3107,11067,55156,129922,235428,528204
1482,3007,49547,86770,276478,124523,231589
1483,9119,19534,57378,208836,104659,226504
1484,9334,35341,73650,172605,159577,288887
1485,4939,12796,44461,124076,156933,524368
1486,9730,9645,26345,187851,321899,115216
1487,6386,37174,43494,171607,90094,297510
1488,9715,17002,86868,97415,309217,292811
1489,10861,11520,61299,110263,141183,172518
1490,5230,41058,37211,59429,419184,269837
1491,3187,12430,39956,112913,92569,566711
1492,10053,14140,55925,163329,163185,350984
1493,3865,13869,54812,89527,215563,270608
1494,9270,21394,50773,186893,219777,626441
1495,8414,14820,59590,68852,123662,284416
1496,8019,38951,103097,180481,223369,555874
1497,5034,29980,46408,49714,166026,987286
1498,8067,24772,52490,101014,152367,214751
1499,9304,20408,58488,77221,242045,224229
1500,7389,32003,52565,147417,114023,260794
1501,5272,36028,103343,146076,166117,372131
1502,5934,27262,71847,52962,429134,299946
1503,3196,31294,73937,115898,129727,216305
1504,4974,38991,95376,104425,230401,242963
1505,9971,18942,55253,145557,142578,321141
1506,21011,15057,73835,191857,138326,345714
1507,6229,31207,77719,188110,230218,341550
1508,5016,20491,79931,105714,172415,283558
1509,2552,28309,45448,263710,124309,363499
1510,6505,26199,47038,146385,150128,354596
1511,3450,17656,100304,99421,283415,238614
1512,11402,12134,129226,94233,137428,189057
1513,11006,12186,48931,104724,219478,285293
1514,12210,18847,140812,208890,141497,208957
1515,11720,27500,58126,88607,417944,273005
1516,8255,16967,97168,83618,72176,329231
1517,4402,26421,99105,157097,206729,95861
1518,1996,28888,47630,166163,319090,227316
1519,5430,8888,107915,215390,199529,159120
1520,6435,10252,91971,108789,73714,627543
1521,6743,22436,60750,106914,232497,98831
1522,6716,17899,42749,139258,258053,253231
1523,3939,21813,47400,116366,133120,360494
1524,4361,13930,43485,94110,167623,279588
1525,3570,14543,54976,89874,292538,210623
1526,5198,38478,39469,88899,396417,170413
1527,11989,8721,32045,124116,76248,220361
1528,8865,12290,29673,163409,401732,230994
1529,7787,22736,95052,64301,210107,307556
1530,4296,26118,57543,112842,118758,410588
1531,8015,15788,78803,60037,151393,212875
1532,6412,14369,29116,132519,255946,261585
1533,6796,24521,66761,203104,92849,137507
1534,4467,24050,80279,91979,176903,462665
1535,4575,15816,57767,105698,191834,285482
1536,5800,15836,32439,73743,218107,177477
1537,9345,44390,110936,200644,100035,195858
1538,18493,19224,74473,73159,281392,299880
1539,9551,18472,85841,174756,137423,304704
1540,3859,19620,32455,116249,167997,242389
1541,6072,15882,49649,87895,489614,149334
1542,5771,15565,42015,125327,131148,587617
1543,6480,18255,70079,155639,186077,230445
1544,11966,14043,38737,67423,130280,343455
1545,4214,15998,35234,110568,137422,162085
1546,5463,16973,64688,91670,63361,144779
1547,10407,31995,57471,73294,270302,180538
1548,10041,9658,47343,96611,313753,199927
1549,4253,17939,74289,219518,128990,171173
1550,8159,24086,76652,64298,299988,194919
1551,8532,13531,52206,176256,127252,153638
1552,5395,17468,122671,138579,130512,152637
1553,6217,18913,118066,92047,300391,186669
1554,6740,22135,131848,95825,97498,415585
1555,5099,31910,69976,132021,199747,216666
1556,7994,15566,73790,89804,211305,173226
1557,10797,22798,42272,77229,128467,323388
1558,14239,37018,50959,181205,142974,107833
1559,4872,17937,32865,175454,141375,513042
1560,6761,17705,65980,203269,140469,321051
1561,11949,31483,51506,94102,306161,212746
1562,9816,19283,46319,142281,171296,213615
1563,4485,11188,84507,86740,156134,371410
1564,9824,19533,50186,72405,79350,309041
1565,5423,12703,77563,152445,185709,202402
1566,3450,19850,52779,109348,105048,260994
1567,3234,12524,60683,75932,201993,259513
1568,16555,19518,47291,90212,91371,341527
1569,6105,21851,56062,255313,179121,191589
1570,4066,22823,33482,161229,155874,117848
1571,5815,18496,30012,84375,193294,225242
1572,5930,18542,87083,111933,100063,605332
1573,12652,18847,73218,107538,286786,413974
1574,6784,13895,122916,58467,218675,184665
1575,3847,10983,56919,193911,107154,608941
1576,8408,13073,74770,127543,211678,417896
1577,4675,23156,120619,231934,158889,587300
1578,4204,17250,31297,290620,192798,118099
1579,4500,10898,99378,114280,240840,309936
1580,4729,15599,71024,131406,148482,177418
1581,13144,16906,30062,135916,330720,428975
1582,7152,12733,109601,131968,106528,248084
1583,13737,15832,66120,92458,119387,270321
1584,5698,24836,31213,177577,334186,277376
1585,6660,15238,96578,201771,174432,190004
1586,7540,16152,73110,81999,127052,234693
1587,5949,26440,58276,99848,203381,439491
1588,5974,19867,51607,44351,166672,244744
1589,7651,26630,109730,104402,192950,164554
1590,4395,30562,77261,97293,233034,414047
1591,7343,12476,41166,157535,278129,220719
1592,7238,25337,49929,67470,335277,197705
1593,9057,10730,38609,157758,127189,441693
1594,8796,17816,64861,94432,346016,196659
1595,11625,16244,93384,197186,99187,205503
1596,5428,17334,39494,86368,174129,290359
1597,6221,11848,74685,128799,241127,268430
1598,4896,31348,35081,90589,127347,167975
1599,7236,22284,115007,53902,302048,385091
1600,5769,28545,38651,117657,280600,290725
1601,7405,31598,32894,85226,254398,117201
1602,9445,38889,68537,73905,227717,118447
1603,4828,21134,80699,112463,198263,392275
1604,5228,23486,29098,85747,194545,376284
1605,7362,29528,72861,99498,173704,199561
1606,9447,20732,134278,104178,505108,411801
1607,3832,20046,41225,82547,161891,421182
1608,3342,22008,127143,162314,107386,129983
1609,6958,15017,76342,57737,182912,247203
1610,4457,19045,43449,146588,195232,157430
1611,5679,22443,137863,138782,166272,624129
1612,4333,15651,71604,62885,111007,168772
1613,4728,35644,63241,117590,154656,203026
1614,6891,12919,75652,127139,558510,200605
1615,5839,14984,103871,189853,151474,299320
1616,5182,12587,41286,190443,97688,282151
1617,4366,17645,28986,82883,101516,352883
1618,6951,26645,30030,101746,224088,144763
1619,7156,31531,46908,103765,206267,182384
1620,4663,15183,56373,43014,350178,224852
1621,2654,20972,40759,135027,190542,354078
1622,3110,22582,47341,121153,343943,273956
1623,10304,35225,62018,124259,178238,452077
1624,3780,11172,30237,94267,395173,235952
1625,5782,45037,51114,134624,292248,173188
1626,3279,43460,120945,78200,259209,285547
1627,3403,19945,69353,78854,216612,277623
1628,5826,17402,72664,325981,147104,200598
1629,15356,30870,120661,161773,162887,406331
1630,5715,20183,43622,102550,85962,220493
1631,4684,26298,185358,132559,80803,572660
1632,4713,13667,98259,109687,122998,321256
1633,5352,15379,67928,164207,229679,133379
1634,8242,17312,51037,112790,204663,130400
1635,8931,18909,54831,80126,85251,255409
1636,6341,14456,44763,80840,96150,219775
1637,3572,22728,101761,103151,136385,259425
1638,7874,26249,66763,131382,227922,364555
1639,7584,11913,76443,114181,119591,163048
1640,6896,22327,60653,206049,125467,567760
1641,4563,15371,64656,87308,193990,178854
1642,4641,11252,69871,110530,199369,203608
1643,16281,20143,34582,387216,227408,235820
1644,4010,12461,82913,85190,211249,312492
1645,9934,12135,43150,124796,101221,220966
1646,6100,23863,49350,107819,119471,138785
1647,12053,12129,98735,86856,274366,341411
1648,4625,11268,27592,255731,181964,181053
1649,3642,15268,35945,104301,638936,156472
1650,5179,23499,76913,91763,121794,175473
1651,8325,15925,76611,74204,114644,435190
1652,11535,29246,38565,178413,257554,266062
1653,5926,20586,31395,44344,222075,561699
1654,7448,17249,43060,116766,133204,150732
1655,5157,41846,62241,177062,144286,215842
1656,5245,22241,47187,269510,265291,226802
1657,5309,16207,79714,82715,213691,448599
1658,11727,31770,48116,59649,107874,385117
1659,6336,19659,76243,89131,153855,217622
1660,9273,17653,87039,97868,305946,198779
1661,6703,18119,56318,102056,212757,228070
1662,3036,10341,26770,106348,221163,281620
1663,4020,39551,61722,106154,113159,135752
1664,10475,11933,43518,81781,164977,103756
1665,6356,15132,55693,87930,122298,402560
1666,4042,46490,50844,138400,219129,1041739
1667,3237,9933,65126,196058,88407,235503
1668,3497,28271,60974,159185,136783,181571
1669,3437,34963,101701,146449,167794,380653
1670,3636,28461,51025,78732,98879,204428
1671,5835,36848,26904,67464,157215,528523
1672,10855,15475,92231,79003,131134,130584
1673,7831,26728,36235,53128,139233,537842
1674,11637,19149,47557,178048,290765,384923
1675,3088,11035,131367,131995,303206,353810
1676,9793,18364,72060,94165,86259,222719
1677,8292,18014,43589,98096,151165,893101
1678,6105,18403,76987,79733,160947,385366
1679,5708,23508,47550,102248,137435,234627
1680,10308,34622,77238,61264,216083,229429
1681,10351,29058,65126,100552,358488,261578
1682,4388,19013,31481,113452,186872,132651
1683,2802,34118,160768,92871,111930,127215
1684,9440,14979,64172,86386,251691,128494
1685,5829,34939,43313,223786,245757,221230
1686,5277,44155,59808,80055,208772,334651
1687,3928,13638,56119,240457,201120,287497
1688,8588,25123,59480,76498,180503,251194
1689,7362,12093,35490,97611,151654,450779
1690,3478,10449,49061,78220,122896,682054
1691,13326,14801,95346,192278,182871,192303
1692,14405,21579,57003,168745,243463,255796
1693,8170,22892,92211,70377,373916,328916
1694,7643,16553,54297,171785,145363,211033
1695,6666,12952,61299,73396,104345,377907
1696,3872,34002,35799,89763,262191,184968
1697,8527,11506,44205,89434,228265,446953
1698,7403,26578,91987,74986,219465,241878
1699,11462,13112,33749,118772,269404,193803
1700,8794,13745,44044,114056,323476,1025734
1701,5066,13826,55646,218654,326047,124547
1702,4964,11371,90106,61623,71262,744651
1703,3574,19643,59991,150337,146644,234988
1704,9282,13353,41862,83066,130027,237691
1705,5581,10528,47137,168985,121798,291834
1706,5938,15056,48175,134776,382403,153298
1707,13415,16687,41929,130777,117748,535885
1708,4491,13847,55679,74014,162975,176125
1709,5163,13432,73442,144551,229929,271914
1710,7179,20973,34180,59806,223514,358152
1711,5832,15436,49666,107809,267631,202397
1712,9409,24817,37135,121128,82956,259773
1713,4813,24231,57860,90139,264309,357070
1714,4203,63136,33471,144882,161593,220075
1715,11929,12283,52753,102778,118996,204599
1716,7733,19884,78660,163760,113933,156411
1717,3886,27081,54104,232403,439381,462898
1718,4681,21895,81015,150813,141580,543208
1719,8589,29676,36365,112097,198832,174111
1720,6216,12770,65733,449599,132589,279204
1721,6989,22711,92902,118550,109477,274118
1722,6551,11598,40160,91438,155530,387209
1723,3704,15820,86573,129774,230634,233452
1724,3582,15990,39569,59754,139193,384093
1725,9869,32826,96583,188583,122855,330109
1726,8456,32104,33693,212450,369202,208901
1727,10394,24075,67601,238460,259967,259773
1728,5835,21260,44376,222277,132125,145439
1729,3982,27103,33136,214919,90920,366832
1730,6613,18496,66511,130913,387436,367407
1731,6546,18016,37826,199486,473068,405270
1732,2792,14094,39567,141325,205068,254760
1733,7333,16638,57282,129859,118967,269006
1734,2779,16050,192294,53386,222195,371165
1735,7558,10613,39820,113105,167722,368560
1736,8497,19921,69919,84458,125799,221722
1737,5444,9015,53754,164373,194127,265890
1738,5125,19810,92009,89976,226455,173367
1739,4045,32007,41409,108033,92683,295529
1740,8065,13026,47981,105051,222438,458039
1741,4314,17291,121559,74913,231203,463774
1742,20695,28360,67387,119702,200151,405828
1743,10512,17186,43212,118255,170982,204408
1744,10133,20557,101621,132405,222468,152744
1745,15097,15244,73628,88610,122587,291568
1746,4597,14019,140933,93065,100962,264998
1747,3380,14803,60790,207199,294922,158648
1748,4797,30708,48802,137376,241830,289870
1749,7909,19335,40043,166793,200974,247756
1750,4598,41171,65321,148646,236213,194894
1751,2661,20064,65175,137867,285593,668917
1752,4544,19603,55470,173314,177666,219381
1753,8290,21155,75694,456650,192227,337499
1754,10416,11494,71911,168903,283885,279495
1755,8772,24640,51383,153492,217043,475289
1756,4746,15525,42008,118962,171790,320401
1757,9427,22121,90027,143771,167161,551789
1758,5258,27923,118130,38761,306041,222084
1759,9649,13666,38386,106925,354014,181748
1760,4308,21677,107669,105497,102247,157655
1761,10387,34629,72732,84586,381415,231347
1762,4098,46152,26597,111533,239421,159136
1763,3133,19238,27304,38411,142724,407884
1764,8947,23797,59046,258878,139938,218889
1765,5388,13906,87437,61323,391747,242915
1766,6197,36736,59417,204766,156091,156419
1767,6868,12552,42427,196619,211150,486665
1768,7158,22618,42472,80878,274655,207909
1769,7634,23084,99819,59854,328692,286997
1770,8708,15049,31893,123932,268997,233916
1771,5832,13636,60842,135412,225011,413443
1772,5168,11760,80688,120062,283741,350349
1773,9171,33460,84280,313233,425022,318206
1774,8106,20614,31147,115450,359487,185180
1775,4338,17207,77686,46918,265406,264654
1776,5095,16365,106826,164584,276900,143944
1777,5656,13830,110967,74002,285748,152747
1778,4208,12276,46943,92042,249277,219343
1779,4595,24601,81421,104224,142865,271970
1780,4720,18433,40991,135562,292422,490088
1781,6416,17736,108318,124564,342160,154577
1782,9968,13472,35811,80315,190785,240501
1783,7892,25669,50373,147090,167330,204871
1784,3614,19145,39511,78613,276601,204654
1785,5155,19906,70314,191816,500849,218985
1786,4624,11825,56249,126470,144382,181494
1787,6164,13424,84495,149346,113899,324217
1788,4887,14671,29797,80964,72601,249018
1789,9123,16639,50411,81538,114600,396339
1790,5012,10406,32134,143014,125445,296816
1791,4357,20979,30297,79273,206752,248185
1792,8423,37025,47468,70010,101886,239086
1793,8204,21099,85930,207804,111341,223943
1794,7475,25992,37093,133542,416703,593617
1795,6916,13933,32568,106788,192156,189680
1796,7943,15992,79886,105558,136710,276651
1797,9503,13642,76568,138881,360875,195074
1798,3695,12836,58479,79146,120596,484820
1799,4934,37395,68176,116439,180849,362506
1800,7672,16876,36553,112247,181721,235642
1801,10290,22241,23811,65078,181819,141178
1802,8040,10552,47589,164020,233958,199914
1803,3236,30264,47105,272227,182074,206095
1804,7447,24755,63905,184165,266237,226803
1805,5299,10571,77346,64613,342291,422716
1806,7415,23783,44255,133510,201099,181645
1807,6169,8457,69673,55266,97675,496031
1808,5269,18474,28543,79340,168907,416796
1809,5128,16108,39136,134658,236191,129542
1810,5940,9608,123955,118049,260878,260205
1811,6340,28778,35314,126841,221993,398727
1812,4674,17110,124881,199899,144226,351827
1813,7401,17842,42174,62880,150353,306294
1814,6452,21662,27230,59479,99208,154523
1815,13785,40284,89651,73228,360623,465666
1816,4684,16363,32723,102646,301520,368565
1817,2714,19475,60309,62716,196265,253931
1818,4391,34467,102118,110660,196742,377313
1819,4533,28349,44756,105425,174911,684409
1820,6975,29019,46664,52951,125268,207115
1821,4953,35207,73664,74424,129962,304494
1822,4289,10905,29725,100770,309089,314643
1823,6953,30965,37844,111819,154503,127827
1824,7764,16316,51990,153023,282709,527711
1825,15564,22540,97932,74052,206875,300008
1826,4759,15392,58210,131784,145517,352362
1827,6461,18405,90270,257581,244313,162091
1828,4721,16148,129248,90931,226846,305965
1829,5821,26831,69843,101346,107609,332752
1830,4962,16806,34487,104210,71570,648508
1831,5614,21540,148061,88855,129624,188755
1832,2299,26023,37151,85945,171749,190002
1833,9059,16668,32689,142704,172731,361504
1834,6402,13227,97136,128595,143455,86244
1835,10429,13803,102095,71141,273638,423027
1836,8891,24128,26545,81334,64430,146369
1837,4608,26682,40945,112943,221253,137512
1838,8709,18612,52883,197359,283003,236269
1839,4353,27269,54096,122630,298117,174432
1840,9100,14161,62823,212140,371548,189944
1841,4360,15567,66305,143009,287504,215671
1842,5488,31920,58215,102739,353829,499258
1843,4752,24441,33639,134278,158663,509557
1844,7595,19896,48234,129194,110070,277305
1845,10134,13276,54849,227626,417653,419993
1846,5063,16896,75402,120597,130402,139488
1847,3286,39992,47424,114036,171800,360755
1848,4564,11451,61819,94194,146706,413269
1849,4980,43031,71658,83670,175349,195208
1850,5497,40741,36021,75409,297104,131037
1851,3667,14714,49488,54705,300490,211443
1852,5390,16612,50834,61905,218766,461024
1853,7090,11340,69838,105106,243818,409805
1854,13652,26655,38531,123197,183313,290522
1855,7266,15390,90475,69452,309683,208502
1856,3077,26112,113545,69642,100995,231013
1857,6142,19665,46998,46319,126562,131514
1858,4170,26566,65974,128846,138412,451959
1859,12859,22033,65808,127771,138447,132875
1860,6161,30391,30756,117414,158863,330848
1861,18202,16574,27247,193699,221735,168192
1862,4419,22598,67035,113459,216992,326159
1863,5922,20345,56399,159098,188599,829290
1864,4347,16277,55149,111641,204857,178975
1865,9205,18164,150474,182523,151923,252607
1866,4968,43629,58976,56292,260277,220092
1867,4826,7196,57913,155222,77730,146967
1868,4214,28600,18790,164285,128812,449400
1869,3094,8867,44560,155858,133434,293483
1870,6154,28291,44467,104693,117055,173423
1871,3077,10539,67272,227342,143424,333606
1872,3897,10489,29248,88882,201544,354983
1873,5819,20265,50624,155223,249126,184613
1874,25302,16094,33590,138471,238180,144496
1875,16189,25762,79948,84966,192929,249098
1876,5863,36389,82843,70660,80695,204964
1877,13103,23246,58599,85022,129160,427948
1878,5271,8146,84107,85224,245516,409775
1879,4858,27728,42716,78266,244482,351945
1880,3841,29261,77686,79324,163879,192813
1881,8719,24385,58215,312913,334739,294300
1882,2914,41355,86392,122729,130682,331725
1883,3710,21416,95665,69864,120670,170181
1884,5986,43065,65372,91156,175933,138866
1885,4889,15294,58703,155354,206495,778682
1886,6965,21645,84489,224166,220726,246477
1887,6640,30934,42797,212651,125992,300986
1888,6721,35510,51509,132835,247173,176420
1889,3506,11842,24542,94997,344231,237727
1890,8477,10679,26681,126196,159019,145508
1891,7274,20816,121691,99486,172221,111027
1892,6816,19999,65328,77452,184695,347217
1893,17320,31076,79826,77924,210197,345628
1894,5501,10539,58353,122593,105209,174684
1895,11546,22268,39289,306101,117050,324599
1896,4360,22636,61549,90993,158572,231318
1897,7931,17679,144228,131810,169763,335758
1898,8326,10060,46168,172501,149362,182935
1899,6782,24449,80419,59889,235389,128695
1900,6306,15745,26917,152040,159612,152650
1901,5814,15491,28234,133933,244697,178239
1902,6054,29490,34055,206750,395810,179965
1903,12709,31663,57105,96057,117050,422159
1904,5982,9395,49325,168269,287587,164803
1905,2586,18830,27896,73490,119794,217788
1906,4632,40329,164125,47756,87566,199790
1907,6195,22631,33307,103550,237662,277510
1908,3271,9520,26029,119636,268522,281737
1909,10212,20542,71019,142011,267534,298425
1910,5037,30665,66740,142837,108610,273689
1911,13486,42268,82570,177644,201543,171368
1912,2892,23384,48877,109428,177110,176023
1913,2455,13878,76916,144944,136957,455706
1914,9634,15122,57529,78917,107286,322551
1915,7770,28330,86119,58067,302408,244080
1916,2530,12602,74095,141280,195872,384139
1917,4960,20190,49019,130051,104945,274427
1918,14401,26904,43499,150558,237920,511076
1919,18037,16382,39448,153571,182676,314544
1920,15732,8859,49124,261248,203675,386070
1921,9328,13762,40525,274329,247245,193148
1922,6744,16694,100692,161560,171642,201562
1923,5086,12376,91393,160107,245392,194142
1924,6274,58942,26151,157822,112223,218058
1925,4417,20968,38470,170267,291947,274204
1926,6029,11365,54088,57646,114177,432627
1927,7256,15564,88531,109351,133811,258409
1928,3112,13562,42643,195317,148630,167444
1929,5832,13303,27608,111403,92661,172946
1930,7784,12323,42833,100762,136694,538611
1931,4281,10513,36416,142235,133886,217256
1932,10384,11029,48582,115209,201286,278886
1933,8793,33814,75104,84730,157032,221546
1934,5011,32392,85943,147767,186865,215132
1935,3987,11290,53414,185325,436774,199273
1936,11456,16916,47698,86662,211998,271474
1937,3940,6601,33234,142677,284504,224768
1938,11643,19187,50934,83194,160422,361457
1939,5994,8232,87730,137796,442709,113758
1940,5803,47035,77938,86539,163142,267209
1941,4692,13231,100156,112634,149926,160273
1942,5381,25852,57989,106589,115576,138175
1943,6568,29219,52799,56511,216961,233512
1944,5984,27120,40018,121870,107385,438810
1945,8574,34147,39906,125644,155473,450125
1946,7496,11472,93971,156999,146618,217620
1947,4870,24490,56608,93785,345001,119029
1948,8051,16002,52680,72975,181115,114873
1949,4284,30028,101761,64641,155176,482815
1950,3315,21729,30348,161474,210576,200946
1951,5509,16489,113616,54097,192712,293345
1952,4229,5792,27981,65107,205411,225301
1953,18933,17770,113465,93748,247949,245332
1954,5717,17496,46640,160801,185657,361990
1955,5991,18462,44747,99240,195736,522510
1956,3650,14502,49264,178793,154178,226724
1957,11494,22153,83037,112053,130886,493166
1958,10931,17353,45710,252259,73258,179112
1959,4060,16795,62936,115194,200528,291536
1960,4688,30142,44870,101176,173599,127000
1961,5946,15714,35069,45868,196234,408273
1962,6510,34344,37063,318982,145580,230903
1963,5055,22807,87598,76725,125908,327349
1964,7732,28100,103383,112326,262536,159901
1965,8977,24408,35683,147960,108673,350250
1966,6125,15257,77245,95244,515308,287987
1967,8291,21867,46742,110049,157392,184963
1968,9705,18418,55356,168382,320818,436584
1969,4810,22741,118593,85492,254964,437730
1970,3058,10850,53166,58490,130823,386795
1971,9980,16682,31598,104987,69873,261628
1972,5067,17315,42034,75726,228638,152369
1973,4055,19956,86271,96755,249910,426193
1974,5729,23476,39984,197796,405573,273687
1975,3767,16523,177042,81475,76739,237208
1976,11409,24790,84023,132692,169167,178821
1977,10028,15888,48477,65708,172885,291080
1978,10721,18111,28360,100609,325110,293160
1979,5686,23737,51154,153312,112552,236426
1980,6230,18164,34923,88506,150176,204990
1981,11644,32197,92096,124307,119810,151724
1982,7372,13402,98997,115933,458650,426110
1983,6042,18840,83027,198607,220577,387385
1984,4016,15361,67772,279571,206784,197603
1985,4481,29463,58270,106611,227354,267921
1986,8688,15151,72114,92067,118490,489568
1987,3724,26824,61553,144368,156379,220322
1988,4736,16510,36830,99441,142562,490180
1989,6684,12431,43906,118627,422634,253848
1990,10246,30156,118064,97357,113197,213943
1991,10095,27841,75081,139630,205703,306006
1992,8020,16465,65023,55259,335369,159461
1993,4762,16034,62392,150683,117813,599739
1994,5440,22030,27155,140629,314585,216047
1995,5583,15633,82328,47515,148481,357290
1996,10360,21711,49910,84480,150715,170051
1997,6445,7954,90312,131953,145495,241250
1998,3569,27041,37653,101529,219304,466632
1999,6217,25003,83974,261708,218909,203423
